<?xml version='1.0' encoding='UTF-8'?>  
<!DOCTYPE Plugin PUBLIC "sailpoint.dtd" "sailpoint.dtd">  
<Plugin certificationLevel="None" displayName="TestUI" minSystemVersion="7.0" name="testui" version="1.0" rightRequired=""> 
  <Attributes>  
    <Map>  
      <entry key="minUpgradableVersion" value="1.0" />  
      <entry key="fullPage">  
        <value>
          <FullPage title="Test UI" />
        </value>  
      </entry>
        <entry key="restResources">  
        <value>  
          <List>  
            <String>com.sailpoint.plugin.testui.rest.SearchUIRestApi</String> 
			<String>com.sailpoint.plugin.testui.rest.userDetailsRestAPI</String> 
          </List>  
        </value>  
      </entry>	  
      <entry key="settings">  
        <value>  
          <List>  
            <Setting dataType="boolean" helpText="Indicates whether plugin can be deleted" label="Delete Allowed" name="canDelete" defaultValue="true"/>  
            <Setting dataType="string" helpText="The default name for show more users" label="Default Name" name="defaultName" defaultValue="Customize Certifications"/>  
            <Setting dataType="int" helpText="The default time in minutes to show more users" label="Default Time" name="defaultTime" defaultValue="30"/>  
          </List>  
        </value>  
      </entry>
	  <entry key="snippets"> 
        <value>  
          <List>  
            <Snippet regexPattern=".*">
              <Scripts>
                <String>ui/js/nhidcustomui.js</String>
				<String>ui/js/datatables.min.js</String>
				<String>ui/js/datatables.js</String>
              </Scripts>
				<StyleSheets>
                <String>ui/css/datatables.css</String>
				<String>ui/css/datatables.min.css</String>
              </StyleSheets>
            </Snippet>  
          </List>  
        </value>  
      </entry> 		  
     </Map>  
  </Attributes>  
</Plugin>  