<?xml version='1.0' encoding='UTF-8'?>
<!DOCTYPE sailpoint PUBLIC "sailpoint.dtd" "sailpoint.dtd">
<sailpoint>
<Custom  name="SIQ-Custom-NHID-OwnershiptransferAttributes">
  <Attributes>
    <Map>
      <entry key="WFvar">
        <value>
          <List>
            <String>oldci</String>
            <String>oldPrefix</String>
            <String>oldciowner</String>
            <String>newCI</String>
            <String>newTLA</String>
            <String>newCIOwner</String>
            <String>requester</String>
            <String>requestees</String>
          </List>
        </value>
      </entry>
    </Map>
  </Attributes>
</Custom>
</sailpoint>