<?xml version='1.0' encoding='UTF-8'?>
<!DOCTYPE sailpoint PUBLIC "sailpoint.dtd" "sailpoint.dtd">
<sailpoint>
<QuickLink action="external" category="NHIDPlugin" messageKey="Prefix/CI Ownership Change" name="SIQ-Quicklink_Plugin_OwnershipTransfer" ordering="12">
  <Attributes>
    <Map>
      <entry key="url" value="plugins/pluginPage.jsf?pn=NHIDManagement&amp;page=SIQ-Prefix_CI_OwnershipChange_Search"/>
    </Map>
  </Attributes>
  <QuickLinkOptions allowSelf="true">
    <DynamicScopeRef>
      <Reference class="sailpoint.object.DynamicScope" name="NHID - Plugin"/>
    </DynamicScopeRef>
  </QuickLinkOptions>
</QuickLink>
<QuickLink action="external" category="NHIDPlugin"  messageKey="Search NonHuman Identity" name="SIQ-Quicklink_Plugin_SearchNHID" ordering="10">
  <Attributes>
    <Map>
      <entry key="url" value="plugins/pluginPage.jsf?pn=NHIDManagement&amp;page=SIQ-SearchNHID"/>
    </Map>
  </Attributes>
  <QuickLinkOptions allowSelf="true">
    <DynamicScopeRef>
      <Reference class="sailpoint.object.DynamicScope" id="8a986c5670144a5a01701465ae6b004b" name="NHID - Plugin"/>
    </DynamicScopeRef>
  </QuickLinkOptions>
</QuickLink>
</sailpoint>